name,geo_location_lat,geo_location_lng,address,rating,type_of_the_attraction,place_id,local_phone_number,website,url
Jaffa Theatre,32.0547664,34.7542271,"Tayelet Mifraz Shlomo St 10, Yafo, Israel",4.3,"[point_of_interest, establishment]",ChIJO1BozbhMHRURt8-yLxgrefQ,03-518-5563,http://www.arab-hebrew-theatre.org.il/,https://maps.google.com/?cid=17616158800315862967
Habima Theatre,32.0725869,34.7789714,"Tarsat Ave 2, Tel Aviv-Yafo, Israel",4.5,"[point_of_interest, establishment]",ChIJE5WB74FLHRURMK_Pwxmtn-s,03-629-5555,https://www.habima.co.il/,https://maps.google.com/?cid=16978479446381014832
Gesher Theater,32.0560837,34.7602005,"Jerusalem Blvd 9, Tel Aviv-Yafo, Israel",4.6,"[point_of_interest, establishment]",ChIJ_Utvp71MHRURXEaMpPOZfws,03-515-7000,http://www.gesher-theatre.co.il/he/,https://maps.google.com/?cid=828550128176219740
Tzavta Theatre,32.0750452,34.7820122,"Shlomo Ibn Gabirol St 30, Yafo, Israel",4.1,"[point_of_interest, establishment]",ChIJ_w_RnYNLHRURvieQTvtl5nU,03-695-0156,http://www.tzavta.co.il/,https://maps.google.com/?cid=8495589877110286270
Tmu-na Theater,32.066355,34.787625,"Soncino St 8, Tel Aviv-Yafo, Israel",4.3,"[point_of_interest, establishment]",ChIJp69CAXdLHRURcCyLGNTlaQU,03-562-9462,http://www.tmu-na.org.il/,https://maps.google.com/?cid=390095541851860080
Theatre Club,32.0557966,34.7595244,"Jerusalem Blvd 10, Tel Aviv-Yafo, Israel",4.4,"[point_of_interest, establishment]",ChIJR_Xwsb1MHRURf73sYAmWVyk,03-518-4715,http://www.hateatron.co.il/,https://maps.google.com/?cid=2979014645553872255
Karov Theatre,32.0564932,34.7789222,"Levinsky 116, Tel Aviv-Yafo, Israel",4.3,"[point_of_interest, establishment]",ChIJIxr7p2ZLHRURUuSBF4QRy_I,03-688-5004,http://t-karov.co.il/,https://maps.google.com/?cid=17495096436478567506
Herzliya Municipal Theatre,32.166995,34.84244,"Ben Gurion Blvd 2, Herzliya, 4678502, Israel",4.2,"[point_of_interest, establishment]",ChIJ0eIHhAxIHRUR7lM-5QlW2fM,09-890-8000,https://business.google.com/u/9/edit/l/12512286428193987047?acct_rdr=1&pli=1,https://maps.google.com/?cid=17571170021663462382
Cameri Theater,32.0767494,34.7846172,"Sderot Sha'ul HaMelech 19, Tel Aviv-Yafo, Israel",4.4,"[point_of_interest, establishment]",ChIJF8dPS5tLHRURZA_VUPaQ-mE,03-606-0900,http://www.cameri.co.il/,https://maps.google.com/?cid=7060114753449168740
Malenki Theater,32.0650454,34.7879832,"IL 6721207, Yitshak Sadeh St 34, Tel Aviv-Yafo, Israel",4.7,"[point_of_interest, establishment]",ChIJ8fAU33ZLHRUR9rzUnVg6zcA,054-248-8104,http://www.malenki.co.il/,https://maps.google.com/?cid=13892824577787346166
Clipa Theater,32.0615815,34.780767,"HaRakevet St 38, Tel Aviv-Yafo, 6777006, Israel",4.5,"[point_of_interest, establishment]",ChIJF2gSSXtLHRURGUo5eqPuASg,03-639-9090,http://www.clipa.co.il/,https://maps.google.com/?cid=2882847622391482905
Suzanne Dellal Center for Dance and Theater,32.0607159,34.7642438,"Yehieli St 5, Tel Aviv-Yafo, 6514946, Israel",4.5,"[point_of_interest, establishment]",ChIJGyCu65lMHRURSSIE2mkNGug,03-510-5656,http://www.suzannedellal.org.il/,https://maps.google.com/?cid=16724694914474189385
Hasimta Theater,32.053323,34.751476,"Mazal Dagim St 8, Tel Aviv-Yafo, Israel",4.3,"[point_of_interest, establishment]",ChIJ227Se8dMHRUR9qYlekbF8bM,03-681-2126,http://www.hasimta.com/,https://maps.google.com/?cid=12966361708664039158
Tel Aviv Performing Arts Center,32.0766309,34.785184,"Sderot Sha'ul HaMelech 19, Tel Aviv-Yafo, Israel",4.5,"[point_of_interest, establishment]",ChIJF8dPS5tLHRURfw7nDQNZpIo,03-692-7777,http://www.israel-opera.co.il/,https://maps.google.com/?cid=9990207743067623039
Notsr Theater,32.00431,34.744359,"Bat Yam, Israel",4,"[point_of_interest, establishment]",ChIJmS1atwmzAhURjik16b1lZJU,03-635-0772,http://www.notzar.co.il/,https://maps.google.com/?cid=10764840875658127758
Bascula - Urban Circus,32.0597262,34.7828332,"HaRakevet St 72, Tel Aviv-Yafo, 6777023, Israel",4.3,"[point_of_interest, establishment]",ChIJx0PzJGVLHRURe47smdtwDxs,077-541-6529,http://www.bascula.co.il/,https://maps.google.com/?cid=1949901252157279867
Yahalom Theatre,32.0848494,34.8025203,"בית ש.א.פ, היצירה 3, רמת גן, 5252141, Israel",4.1,"[point_of_interest, establishment]",ChIJ37RaW8dLHRUR3o3Eb8F3Abk,03-612-1050,https://www.ramat-gan.muni.il/theater/yalom/,https://maps.google.com/?cid=13331068044680924638
Givatayim Theatre,32.067188,34.804237,"David Remez St 40, Giv'atayim, Israel",4.2,"[point_of_interest, establishment]",ChIJP5_iWKZLHRUR3LgCnGhXkWc,03-732-5340,http://www.t-g.co.il/,https://maps.google.com/?cid=7462842164335261916
מקסימונות יוצאת למשימה,32.110288,34.817639,"Hadar Yosef St 4, Tel Aviv-Yafo, Israel",0,"[point_of_interest, establishment]",ChIJ9UfD6BpJHRURJGDjjVsJc1M,052-841-6400,https://www.facebook.com/maximonet.smile/,https://maps.google.com/?cid=6013160216296906788
مسرح هحيدير,32.0682449,34.7735847,"Yosef ha-Nasi St 5, Tel Aviv-Yafo, Israel",4,"[point_of_interest, establishment]",ChIJCZ29cIZMHRUR-nfF42foMME,03-517-1818,http://www.roomtheater.co.il/,https://maps.google.com/?cid=13920881981102847994
Tel Aviv Museum of Art,32.0776555,34.786749,"מתחם גולדה מאיר, שדרות שאול המלך 27, תל אביב יפו, Israel",4.5,"[museum, point_of_interest, establishment]",ChIJpz9FAptLHRURE7h6eDCkS_c,03-607-7020,http://www.tamuseum.org.il/he/default.aspx,https://maps.google.com/?cid=17819516878708193299
Eretz Israel Museum,32.103107,34.796142,"Chaim Levanon St 2, Tel Aviv-Yafo, Israel",4.3,"[museum, point_of_interest, establishment]",ChIJ0X2q6uBLHRURndij5PvfBA8,03-641-5244,http://www.eretzmuseum.org.il/,https://maps.google.com/?cid=1082236083441490077
Israel Defense Forces History Museum,32.0597891,34.7624643,"פרופסור יחזקאל קויפמן פינת המרד, Tel Aviv-Yafo, Israel",4.4,"[museum, point_of_interest, establishment]",ChIJq-poK5hMHRURx-wSyfDe3xg,03-517-2913,http://www.mod.gov.il/Memorial_Legacy/museums/Pages/osef.aspx,https://maps.google.com/?cid=1792396302463724743
Rubin Museum,32.0720627,34.7707281,"Bialik St 14, Tel Aviv-Yafo, Israel",4.4,"[museum, point_of_interest, establishment]",ChIJu61h4oBMHRURQaCPbc722_4,03-525-5961,http://www.rubinmuseum.org.il/,https://maps.google.com/?cid=18364543271995154497
Museum of the Jewish People at Beit Hatfutsot,32.11383,34.8052563,"קלאוזנר 15 תל אביב יפו, Tel Aviv-Yafo, Israel",4.4,"[museum, point_of_interest, establishment]",ChIJWwWBiG9JHRURWwoTx2FDXKU,03-745-7800,http://www.bh.org.il/,https://maps.google.com/?cid=11915472801346292315
Lehi Museum,32.0566442,34.7695136,"Avraham Stern St 8, Tel Aviv-Yafo, Israel",4.4,"[museum, point_of_interest, establishment]",ChIJq2oBO59MHRURlHFHsNCcB3A,03-683-7582,http://www.mod.gov.il/Memorial_Legacy/museums/Pages/lechi.aspx,https://maps.google.com/?cid=8072593277209506196
Hagana Museum,32.0635425,34.7720833,"Rothschild Blvd 23, Tel Aviv-Yafo, Israel",4.3,"[museum, point_of_interest, establishment]",ChIJISVJJZ1MHRUR-fUKZl3jPjY,03-560-8624,http://www.mod.gov.il/Memorial_Legacy/museums/Pages/hahagana.aspx,https://maps.google.com/?cid=3908811516887627257
Design Museum Holon,32.011059,34.777607,"Pinkhas Eilon St 8, Holon, 5845400, Israel",4.4,"[museum, point_of_interest, establishment]",ChIJ95-VEp-0AhURph9ANc4DMsw,073-215-1515,http://www.dmh.org.il/,https://maps.google.com/?cid=14713827116764372902
Ben-Gurion House,32.0853549,34.7717058,"Sderot Ben Gurion 17, Tel Aviv-Yafo, Israel",4.4,"[museum, point_of_interest, establishment]",ChIJJe03mXdMHRURsKOpdeNjUp0,03-522-1010,http://www.bg-house.org/,https://maps.google.com/?cid=11336233040627737520
Jaffa Museum,32.0550525,34.7533228,"Mifrats Shlomo St 10, Tel Aviv-Yafo, Israel",4.2,"[museum, point_of_interest, establishment]",ChIJoY_HMr9MHRUR_jhpU2RWMoI,,,https://maps.google.com/?cid=9381655962662287614
Herzliya Museum of Contemporary Art,32.1622374,34.8441482,"HaBanim St 4, Herzliya, 4637904, Israel",4.3,"[museum, point_of_interest, establishment]",ChIJiVeTkw1IHRURoTHQjFW8OSA,09-955-1011,http://www.herzliyamuseum.co.il/,https://maps.google.com/?cid=2322094158506897825
Ilana Goor Museum,32.0533624,34.75146489999999,"Mazal Dagim St 4, Tel Aviv-Yafo, Israel",4.6,"[museum, point_of_interest, establishment]",ChIJC_wSesdMHRURvHqdU7gJ5qw,03-683-7676,https://www.ilanagoormuseum.org/en/,https://maps.google.com/?cid=12458656106448517820
Herzlilienblum Museum,32.06206340000001,34.7703715,"Herzl St 13, Tel Aviv-Yafo, Israel",4.3,"[museum, point_of_interest, establishment]",ChIJ6xAi9pxMHRURwdN9bPXI9zU,1-700-558-000,https://www.discountbank.co.il/DB/private/discount-group/herzelilinblum-museum/about?tab=1,https://maps.google.com/?cid=3888797759670440897
‎Whiskey Bar & Museum,32.0710338,34.7882859,"מתחם שרונה, רב אלוף דוד אלעזר 27, תל אביב יפו, Israel",4.5,"[bar, museum, restaurant, point_of_interest, food, establishment]",ChIJszz8qJ1LHRURe5AOmZpRmyw,03-955-1105,http://whiskeybm.co.il/,https://maps.google.com/?cid=3214252483493662843
Palmach Museum,32.104537,34.7991338,"בית הפלמ""ח, חיים לבנון 10, תל אביב יפו, Israel",4.5,"[museum, point_of_interest, establishment]",ChIJ52yKnd9LHRURqutciiqXsGU,03-545-9800,http://www.palmach.org.il/,https://maps.google.com/?cid=7327522802697563050
Gutman Museum,32.0609449,34.7665492,"Shim'on Rokah St 21, Tel Aviv-Yafo, Israel",4.2,"[museum, point_of_interest, establishment]",ChIJIfpI2JtMHRURB2H9q80OmS8,03-516-1970,http://www.gutmanmuseum.co.il/,https://maps.google.com/?cid=3429788867735937287
MoBY,32.020646,34.7561316,"Struma St 6, Bat Yam, 5951509, Israel",4.3,"[museum, point_of_interest, establishment]",ChIJQegTl0GzAhUR4Iayw-Dh0Sk,03-659-1140,http://www.moby.org.il/,https://maps.google.com/?cid=3013437981159753440
Israel Children's Museum,32.003273,34.797983,"Mifrats Shlomo St 66, Holon, Israel",4.5,"[museum, point_of_interest, establishment]",ChIJFTgtO5S0AhURMkfCaaOkgEo,03-650-3000,https://www.childrensmuseum.org.il/,https://maps.google.com/?cid=5368471777586595634
Eyewear Museum,32.072434,34.7870797,"Aluf Albert Mendler St 8, Tel Aviv-Yafo, Israel",3.8,"[museum, store, point_of_interest, establishment]",ChIJgf6O75xLHRURF-si39JHYzw,03-653-9470,http://opticana-museum.co.il/,https://maps.google.com/?cid=4351400635982342935
Beit Ha'ir,32.0733997,34.7709936,"Bialik St 27, Tel Aviv-Yafo, Israel",4.5,"[museum, point_of_interest, establishment]",ChIJM4t1jIBMHRUR7dmJ4AuqpfY,03-724-0311,http://beithair.org/,https://maps.google.com/?cid=17772798472476023277
Kalderon,32.0246533,34.7397691,"Derech Ben Gurion, Bat Yam, Israel",4.5,"[restaurant, point_of_interest, food, establishment]",ChIJyT5ToyKzAhUR69nsrsnYMcU,03-506-6866,,https://maps.google.com/?cid=14209376660065409515
Prozdor,32.079145,34.7685716,"Mendele Mokher Sfarim St 6, Tel Aviv-Yafo, Israel",4.6,"[restaurant, point_of_interest, food, establishment]",ChIJ8aFWp35MHRURl3ziMsJxm8A,03-523-3223,http://prozdor.co.il/,https://maps.google.com/?cid=13878811755563613335
Shmuel,32.0687653,34.7689042,"Carmel Market, רבי מאיר 42, תל אביב יפו, Israel",4.7,"[restaurant, point_of_interest, food, establishment]",ChIJi6xr84NMHRURL99I_lU0Cdc,03-631-1650,https://www.facebook.com/shmuel.carmelmarket,https://maps.google.com/?cid=15494973536887955247
Moon,32.0756388,34.7719764,"Bograshov St 58, Tel Aviv-Yafo, Israel",4.5,"[restaurant, point_of_interest, food, establishment]",ChIJ0beHun9MHRURfDSJZE-1RJA,03-629-1155,http://www.moon-sushi.co.il/,https://maps.google.com/?cid=10395633192471704700
Thai House Restaurant,32.0775921,34.7682231,"Bograshov St 8, Tel Aviv-Yafo, Israel",4.5,"[restaurant, point_of_interest, food, establishment]",ChIJP841K3xMHRURebdaloB-MZA,03-517-8568,http://www.thai-house.co.il/,https://maps.google.com/?cid=10390224906063886201
Hotel Montefiore - הוטל מונטיפיורי,32.0655524,34.7734381,"Montefiore St 36, Tel Aviv-Yafo, Israel",4.6,"[lodging, restaurant, point_of_interest, food, establishment]",ChIJk64uwKy7HRURBYwNa93Y6tg,03-564-6100,http://www.hotelmontefiore.co.il/,https://maps.google.com/?cid=15630543902238149637
Rustico Restaurant,32.0632464,34.7709376,"Rothschild Blvd 15, Tel Aviv-Yafo, Israel",4.5,"[restaurant, point_of_interest, food, establishment]",ChIJq9Pf3ZxMHRURs_cAkicRJUQ,03-510-0039,http://rustico.co.il/rothschild/,https://maps.google.com/?cid=4910349830368327603
Shukshuka,32.0677125,34.767623,"HaCarmel St 41, Tel Aviv-Yafo, Israel",4.7,"[restaurant, point_of_interest, food, establishment]",ChIJ0-tqiYRMHRURMzvky1iGQSU,,,https://maps.google.com/?cid=2684574568825502515
Hudson Brasserie,32.10980500000001,34.840232,"HaBarzel St 27, Tel Aviv-Yafo, Israel",4.6,"[restaurant, bar, point_of_interest, food, establishment]",ChIJp6tiLOtJHRURBfOF2iHOCeQ,03-644-4733,http://www.hudson.co.il/,https://maps.google.com/?cid=16431891360233419525
Vicky Cristina,32.0584547,34.7617025,"17ב, מתחם התחנה, תל אביב יפו, Israel",4.2,"[restaurant, bar, point_of_interest, food, establishment]",ChIJ1wZD1ZtMHRURkGFVDg6CljQ,03-736-7272,http://www.vicky-cristina.co.il/,https://maps.google.com/?cid=3789359133360480656
Taizu,32.0636338,34.7800361,"Derech Menachem Begin 23, Tel Aviv-Yafo, Israel",4.6,"[restaurant, point_of_interest, food, establishment]",ChIJa9zBe3tLHRURQHbcLSWNU1g,03-522-5005,http://www.taizu.co.il/,https://maps.google.com/?cid=6364585889227372096
Topolopompo Restaurant,32.0689399,34.7955119,"HaSolelim St 14, Tel Aviv-Yafo, Israel",4.5,"[restaurant, point_of_interest, food, establishment]",ChIJGZLYcJ9LHRURS--qQ-ANq6g,03-691-0691,http://topolopompo.co.il/,https://maps.google.com/?cid=12153823276248526667
Herzog,32.0773551,34.781509,"Shlomo Ibn Gabirol St 48, Tel Aviv-Yafo, Israel",4.5,"[restaurant, point_of_interest, food, establishment]",ChIJOaUQaYRLHRURapkbPWRW_7I,,,https://maps.google.com/?cid=12898122846334327146
Dallal Restaurant,32.0611268,34.7634915,"Shabazi St 10, Tel Aviv-Yafo, Israel",4.3,"[restaurant, point_of_interest, food, establishment]",ChIJIaam_JlMHRURmoGSrDoKiMQ,03-510-9292,http://www.dallal.co.il/,https://maps.google.com/?cid=14161580275386188186
Allora BG,32.0847747,34.7737757,"Sderot Ben Gurion 39, Tel Aviv-Yafo, Israel",4.2,"[restaurant, point_of_interest, food, establishment]",ChIJl6ZS53dMHRURokQ5RTIeNxg,03-566-5655,http://www.allora.co.il/,https://maps.google.com/?cid=1744896581887935650
Saint George's,32.0524741,34.7522042,"Louis Pasteur St 5, Tel Aviv-Yafo, Israel",4.4,"[restaurant, point_of_interest, food, establishment]",ChIJY1wEgcdMHRUR16OxQj4kJGE,03-649-1293,http://www.rol.co.il/sites/saint-george/,https://maps.google.com/?cid=6999759570666103767
Ali Caravan Restaurant,32.0502242,34.7508798,"Ha-Dolfin St 1, Tel Aviv-Yafo, Israel",4.6,"[restaurant, point_of_interest, food, establishment]",ChIJZ_6qDchMHRUR7qsGzypOnRI,03-682-0387,,https://maps.google.com/?cid=1341314209795189742
Milgo Milbar,32.07167940000001,34.779412,"Rothschild Blvd 142, Tel Aviv-Yafo, Israel",4.4,"[restaurant, point_of_interest, food, establishment]",ChIJoSYW_oFLHRUROTeWytMUISo,03-631-4214,http://www.milgomilbar.co.il/,https://maps.google.com/?cid=3035730523693922105
מזנון Miznon,32.0722304,34.7740944,"King George St 30, Tel Aviv-Yafo, Israel",4.3,"[restaurant, point_of_interest, food, establishment]",ChIJEaEeHoBMHRUR8YUwt-Xk300,03-508-1118,http://www.miznon.com/,https://maps.google.com/?cid=5611455335998981617
Fortuna Del Mar,32.0868715,34.7685609,"Inside MarinaTel Aviv-Yafo, yacht harbor, Tel Aviv-Yafo, Israel",4.1,"[restaurant, point_of_interest, food, establishment]",ChIJBaV0y3BMHRURWHK3aSRPoq4,03-523-6730,http://www.fortuna-delmar.co.il/,https://maps.google.com/?cid=12583707326637634136
GANT,32.1125024,34.7965153,"קניון רמת אביב, איינשטיין 40, תל אביב יפו, Israel",5,"[clothing_store, store, point_of_interest, establishment]",ChIJS5yhZ2dJHRURIUi054sLlzE,03-744-7211,http://www.gant.com/,https://maps.google.com/?cid=3573337524857489441
Stop!Shop,32.16198810000001,34.8092623,"Abba Eban Blvd 5, Herzliya, Israel",3.9,"[grocery_or_supermarket, store, point_of_interest, food, establishment]",ChIJEc1bzfJIHRURCDJH67VTJZA,,,https://maps.google.com/?cid=10386800156401414664
H&M,32.068548,34.78475299999999,"Ha-Khashmona'im Street 100 Tel Aviv Yafo IL 67133, HaHashmonaim St 100, Tel Aviv-Yafo, Israel",4.1,"[clothing_store, store, point_of_interest, establishment]",ChIJ9e5bLXhLHRURG2CAxUGtkXk,04-715-5777,http://www.hm.com/il,https://maps.google.com/?cid=8759973248210329627
H&M,32.0925082,34.8658906,"Ze'ev Jabotinsky Rd 72 Petah Tikva IL 49681, Ze'ev Jabotinsky St 72, Petah Tikva, Israel",4.2,"[clothing_store, store, point_of_interest, establishment]",ChIJXUbFDwM2HRURjSg_QRhWRlI,04-715-5777,http://www.hm.com/il,https://maps.google.com/?cid=5928520621653698701
H&M,32.1004583,34.8267596,"Abba Hillel Silver 301, Ramat Gan, Israel",3.5,"[clothing_store, store, point_of_interest, establishment]",ChIJv1Gr5OdJHRURObaWXzXXGlA,04-715-5777,http://www.hm.com/il,https://maps.google.com/?cid=5772162496665663033
Zadig & Voltaire Israel,32.087323,34.7911953,"Hei be-Iyar St 48, Tel Aviv-Yafo, Israel",4.6,"[store, point_of_interest, establishment]",ChIJbYBbbpNLHRUREWESfUOCMTs,03-546-8855,http://www.zadigetvoltaire.co.il/,https://maps.google.com/?cid=4265333548469346577
H&M,32.0930881,34.8322718,"Menachem Begin St 132, Tel Aviv-Yafo, 67021, Israel",3.9,"[clothing_store, store, point_of_interest, establishment]",ChIJ7xwgFJlLHRURwd0smKux9Qc,04-715-5777,http://www.hm.com/il,https://maps.google.com/?cid=573559878110207425
VANS Store Tel Aviv - Dizengoff,32.0753462,34.7753948,"Dizengoff Center, Dizengoff St 50, Tel Aviv-Yafo, 61999, Israel",0,"[clothing_store, store, point_of_interest, establishment]",ChIJ2Vql33hLHRURGul0MtJzwzg,03-915-5177,https://www.vans.com/,https://maps.google.com/?cid=4090240233209391386
VANS Store Tel Aviv - Old Port,32.0994515,34.7755485,"Shirak St 25, Tel Aviv-Yafo, 63508, Israel",0,"[clothing_store, store, point_of_interest, establishment]",ChIJpQBzDD9LHRURtJe5tgXhf8w,03-915-5178,https://www.vans.com/,https://maps.google.com/?cid=14735743920436254644
VANS Store Azrieli TLV,32.0743897,34.7921693,"Derech Menachem Begin 132, Tel Aviv-Yafo, 67011, Israel",4.4,"[clothing_store, store, point_of_interest, establishment]",ChIJM2KvRvZLHRURyiACs5UIeqQ,03-608-1199,https://www.vans.eu/,https://maps.google.com/?cid=11851794808425291978
VANS Store Ramat Gan,32.099957,34.827156,"Abba Hillel Silver Rd 301, Ramat Gan, 5259408, Israel",0,"[clothing_store, store, point_of_interest, establishment]",ChIJTXbPt6tJHRURD790dY2XXSU,08-916-6700,https://www.vans.com/,https://maps.google.com/?cid=2692474786054192911
Top Shop,32.0925799,34.8655637,"Ze'ev Jabotinsky St 72, Petah Tikva, Israel",4.3,"[clothing_store, store, point_of_interest, establishment]",ChIJb7yLBAM2HRURUfa3jCvzpJM,,http://www.topshop.com/,https://maps.google.com/?cid=10638895588125963857
Dead sea shops,32.0844457,34.7693495,"HaYarkon St 155, Tel Aviv-Yafo, Israel",4.2,"[store, point_of_interest, establishment]",ChIJ27Xi8XlMHRUROgWTHcnX1aI,03-524-6422,http://www.deadseashops.com/,https://maps.google.com/?cid=11733521662968268090
VANS Store Tel Aviv - Ramat,32.1122558,34.7959133,"Einstein St 40, Tel Aviv-Yafo, 6910203, Israel",0,"[clothing_store, store, point_of_interest, establishment]",ChIJidysbxxJHRURBc03rWu_aZA,03-909-6982,https://www.vans.com/,https://maps.google.com/?cid=10406058883204762885
Zara,32.0750514,34.7918812,"Derech Menachem Begin 132, Tel Aviv-Yafo, Israel",3.7,"[clothing_store, store, point_of_interest, establishment]",ChIJA1-dXplLHRURWxDAFtCBSWY,03-538-6325,http://www.zara.com/,https://maps.google.com/?cid=7370564995903393883
Diesel,32.1125164,34.79653589999999,"Einstein St 40, Tel Aviv-Yafo, Israel",5,"[clothing_store, store, point_of_interest, establishment]",ChIJI5SoZ2dJHRURTddYNGJMk6U,03-643-8390,http://www.diesel.com/,https://maps.google.com/?cid=11930963822503319373
VANS Store Petah Tikva,32.093468,34.866055,"Zabutinsky 72, Petah Tikva, Israel",0,"[clothing_store, store, point_of_interest, establishment]",ChIJP6C4OUM3HRURHKg8_TT4bdo,03-537-8573,https://www.vans.com/,https://maps.google.com/?cid=15739509179200350236
Timberland,32.0742006,34.7916203,"Derech Menachem Begin 132, Tel Aviv-Yafo, Israel",3.8,"[shoe_store, store, point_of_interest, establishment]",ChIJZ5O-aZlLHRURB7UFEUzXff0,03-609-5518,https://www.timberland.co.il/,https://maps.google.com/?cid=18265992385387672839
Crocs & More - קניון איילון,32.09962640000001,34.8270503,"Abba Hillel Silver St 301, Ramat Gan, Israel",3.4,"[shoe_store, store, point_of_interest, establishment]",ChIJ____XoZJHRURoAbMkGauwSk,03-621-3638,http://www.crocs.co.il/,https://maps.google.com/?cid=3008877781599389344
Foot Locker פוט לוקר,32.0980933,34.7740643,"נמל, תל אביב יפו, Israel",2.5,"[shoe_store, store, point_of_interest, establishment]",ChIJY_rXrgFNHRURrXmEYC2zjy8,03-942-6142,,https://maps.google.com/?cid=3427154848926431661
מונה טורס,32.0924783,34.8567703,"Ze'ev Jabotinsky St 100, Petah Tikva, Israel",1,"[travel_agency, point_of_interest, establishment]",ChIJURum__tJHRURV4FvP7yTHJ8,03-616-4600,,https://maps.google.com/?cid=11465201188105847127
NetoFun - נטופאן,32.0882719,34.8028387,"HaBonim St 8, Ramat Gan, 5252325, Israel",4.7,"[travel_agency, point_of_interest, establishment]",ChIJl1LkDp5LHRURCGeEBzUievA,03-379-6666,http://netofun.co.il/,https://maps.google.com/?cid=17328200127416133384
Luxury Travel Israel | Israel Seminar,32.0660839,34.7771503,"Rothschild Blvd 75, Tel Aviv-Yafo, 6521401, Israel",4,"[travel_agency, point_of_interest, establishment]",ChIJS2kYSnxLHRURCThwyyQKPOo,03-770-8282,https://israelseminar.com/,https://maps.google.com/?cid=16878376656626006025
Xtrip - Akstrif,32.0641035,34.7622162,"Kaufmann St 6, Tel Aviv-Yafo, Israel",5,"[travel_agency, point_of_interest, establishment]",ChIJR22mj5BMHRURemX663VhNRs,03-510-2025,http://www.xtrip.co.il/,https://maps.google.com/?cid=1960580371887842682
Yuval De Joannes -Private tour guide,32.084065,34.770322,"Arnon St, Tel Aviv-Yafo, Israel",5,"[travel_agency, point_of_interest, establishment]",ChIJqzCF23lMHRURo1XWURxkXJs,050-915-2210,http://www.tourguideisrael.co.il/,https://maps.google.com/?cid=11194932846531073443
Экскурсии по Израилю,32.0824224,34.7740918,"Dizengoff St 140, Tel Aviv-Yafo, 6346115, Israel",0,"[travel_agency, point_of_interest, establishment]",ChIJQSQD9odLHRUR81fnUWduTrw,03-524-5235,,https://maps.google.com/?cid=13568904117348685811
Go further,32.076694,34.768202,"Ben Yehuda St 29, Tel Aviv-Yafo, Israel",1,"[travel_agency, point_of_interest, establishment]",ChIJQ7od3H1MHRURzpcD9C75FzU,03-795-2144,http://www.myholiday.co.il/,https://maps.google.com/?cid=3825800388532213710
Israel Spectrum Tours,32.0625914,34.7763019,"Levontin St 19, Tel Aviv-Yafo, Israel",0,"[travel_agency, point_of_interest, establishment]",ChIJTzPh0mJLHRUROht-S34nBKs,03-776-4644,https://www.israelspectrumtours.com/,https://maps.google.com/?cid=12323017903778437946
slovensky sprievodca,32.056892,34.7707827,"Herzl St 86, Tel Aviv-Yafo, Israel",4,"[travel_agency, point_of_interest, establishment]",ChIJ-UiA_Z5MHRURRAkjajROYy0,,http://sprievodcaizrael.wordpress.com/,https://maps.google.com/?cid=3270543741427059012
סעבבה תיירות ונופש,32.0503593,34.7588678,"Jerusalem Blvd 42, Tel Aviv-Yafo, Israel",1,"[travel_agency, point_of_interest, establishment]",ChIJTQ7-NbpMHRURF-UCON_8Blo,074-787-8787,http://www.sa-baba.co.il/,https://maps.google.com/?cid=6487150348921398551
Visa4You,32.058473,34.794586,"Lohamei Galipoli St, Tel Aviv-Yafo, Israel",5,"[travel_agency, point_of_interest, establishment]",ChIJc7dbXIBLHRUR3-tp7raDRks,055-722-9204,http://www.visa4you.co.il/,https://maps.google.com/?cid=5424167622921546719
Polaris Mundi,32.0714694,34.7819726,"Shlomo Ibn Gabirol St 2, Tel Aviv-Yafo, Israel",4,"[travel_agency, point_of_interest, establishment]",ChIJx1hFe4JLHRURAL4bbuyFq6Y,073-236-4614,http://www.polaris-mundi.co.il/,https://maps.google.com/?cid=12009840081819647488
Surf-Deal,32.056888,34.842811,"David Ben Gurion St 4, כפר-אזר, Israel",5,"[travel_agency, store, point_of_interest, establishment]",ChIJhaxFK2dKHRURVva6I2RnHss,050-944-9888,http://www.surf-deal.co.il/,https://maps.google.com/?cid=14636249518794536534
TAL Aviation Israel,32.0767131,34.7680004,"Ben Yehuda St 29, Tel Aviv-Yafo, Israel",4.5,"[travel_agency, point_of_interest, establishment]",ChIJQ7od3H1MHRURz8mgkPjkC5Y,03-795-2111,http://www.talaviation.com/Israel,https://maps.google.com/?cid=10811987086662486479
"טיול קולינרי זה טייסטורס טיולים קולינריים ! כל אחד יכול לאכול כמו מקומי בחו""ל ! Tastours culinary travels",32.066764,34.809532,"קניון גבעתיים, דרך יצחק רבין 53, גבעתיים, Israel",0,"[travel_agency, point_of_interest, establishment]",ChIJY-BLk6hLHRURFSB8sP-9_q8,03-517-7711,http://www.tastours.com/,https://maps.google.com/?cid=12681782506597130261
Yael Israel Tours - Guida Turistica in Israele,32.076127,34.771178,"Bograshov St 44, Tel Aviv-Yafo, 6315408, Israel",5,"[travel_agency, point_of_interest, establishment]",ChIJ8Rvq15VNHRURA_qPcG-7J9g,052-620-1361,http://www.yaelisraeltours.com/,https://maps.google.com/?cid=15575623923588397571
גידי - סוכן נסיעות - Gidi Travel,32.0703843,34.7914663,"Natan Yellin Mor St 18, Tel Aviv-Yafo, Israel",0,"[travel_agency, point_of_interest, establishment]",ChIJQSWbYp5LHRUR3_9oN0svSK0,052-481-1569,http://www.bershadsky.biz/,https://maps.google.com/?cid=12486281966983380959
MennoTours,32.121831,34.8024477,"Recanati St 2, Tel Aviv-Yafo, Israel",0,"[travel_agency, point_of_interest, establishment]",ChIJn0__h2xJHRURo8u79oDfLDo,054-435-4682,,https://maps.google.com/?cid=4191971098163399587
תיור ישראלי - חיים סבג | Israeli tour - Haim Sabag,32.046569,34.778626,"Asirey Tsiyon St 19/1, Tel Aviv-Yafo, Israel",4.8,"[travel_agency, point_of_interest, establishment]",ChIJy8HETllLHRURt_xmEV-_j4Y,058-585-5558,http://www.israeli-tour.com/,https://maps.google.com/?cid=9696178937786727607
מונה טורס,32.0859616,34.8324845,"Rabi Akiva St 100, Bnei Brak, Israel",0,"[travel_agency, point_of_interest, establishment]",ChIJax0N3CRKHRURp4mcJhChfh8,03-964-8888,,https://maps.google.com/?cid=2269428352980650407
Acadia Beach,32.1699119,34.7987467,Acadia Beach,4.4,"[natural_feature, establishment]",ChIJf1KqCJVIHRUReboQTGyK27o,,,https://maps.google.com/?q=Acadia+Beach&ftid=0x151d489508aa527f:0xbadb8a6c4c10ba79
Frishman Beach,32.080185,34.766799,"Tel Aviv-Yafo, Israel",4.6,"[natural_feature, point_of_interest, establishment]",ChIJN-GQDnxMHRURDVbX9RbqbXw,03-527-1862,https://www.tel-aviv.gov.il/Visitors/Beaches/Pages/Frishman.aspx,https://maps.google.com/?cid=8966079817499235853
Tel Baruch Beach,32.1169081,34.7802935,Tel Baruch Beach,4.4,"[natural_feature, establishment]",ChIJaxWtL05JHRURr2pCYpjsgZo,,,https://maps.google.com/?q=Tel+Baruch+Beach&ftid=0x151d494e2fad156b:0x9a81ec9862426aaf
Alma Beach,32.057074,34.7567622,"Tel Aviv-Yafo, Israel",4.4,"[natural_feature, point_of_interest, establishment]",ChIJ2bY7OXxLHRURKwgqt-d93sE,,https://www.facebook.com/alma.beach.7/,https://maps.google.com/?cid=13969741528313759787
HaTsuk Beach,32.1416675,34.7905783,HaTsuk Beach,4.5,"[natural_feature, establishment]",ChIJb6BcyiRJHRURi581n2UsAWI,,,https://maps.google.com/?q=HaTsuk+Beach&ftid=0x151d4924ca5ca06f:0x62012c659f359f8b
Bugrashov Beach,32.0777124,34.766058,Bugrashov Beach,4.7,"[natural_feature, establishment]",ChIJBSGdU3xMHRURugo8TFnwSfs,,,https://maps.google.com/?q=Bugrashov+Beach&ftid=0x151d4c7c539d2105:0xfb49f0594c3c0aba
Hilton Beach,32.0903273,34.7694051,Hilton Beach,4.4,"[natural_feature, establishment]",ChIJ_Y1FAnRMHRURtCzYiStpNxY,,,https://maps.google.com/?q=Hilton+Beach&ftid=0x151d4c7402458dfd:0x1637692b89d82cb4
Rishon LeTsiyon Beach,31.9995977,34.7316036,Rishon LeTsiyon Beach,4.4,"[natural_feature, establishment]",ChIJhZvME62zAhURv9Oo1CgdNXg,,,https://maps.google.com/?q=Rishon+LeTsiyon+Beach&ftid=0x1502b3ad13cc9b85:0x78351d28d4a8d3bf
Charles Clore Beach,32.0604729,34.7587246,Charles Clore Beach,4.8,"[natural_feature, establishment]",ChIJZeTS75ZMHRUR84NdFC_52cs,,,https://maps.google.com/?q=Charles+Clore+Beach&ftid=0x151d4c96efd2e465:0xcbd9f92f145d83f3
Aviv Beach,32.0699856,34.7633057,Aviv Beach,4.4,"[natural_feature, establishment]",ChIJabNo84VMHRURdwWbgM8RWnE,,,https://maps.google.com/?q=Aviv+Beach&ftid=0x151d4c85f368b369:0x715a11cf809b0577
Jerusalem Beach,32.0736191,34.7639466,Jerusalem Beach,4.5,"[natural_feature, establishment]",ChIJ7zwFtYdMHRURb0JHiUh5mtg,,,https://maps.google.com/?q=Jerusalem+Beach&ftid=0x151d4c87b5053cef:0xd89a79488947426f
Metsitsim Beach,32.0937759,34.7709858,"Tel Aviv-Yafo, Israel",4.4,"[natural_feature, point_of_interest, establishment]",ChIJ2bY7OXxLHRUR4OsO3NrmO6Q,03-724-6060,https://www.tel-aviv.gov.il/Visitors/Beaches/Pages/Metzizim.aspx,https://maps.google.com/?cid=11834306273515334624
Tal By The Beach Hotel Tel Aviv,32.0939502,34.7735853,"HaYarkon St 287, Tel Aviv-Yafo, Israel",4.5,"[lodging, point_of_interest, establishment]",ChIJtfPJqApMHRURSJi_FWe5p0g,03-542-5500,http://www.atlas.co.il/Heb/%D7%9E%D7%9C%D7%95%D7%9F-%D7%98%D7%9C,https://maps.google.com/?cid=5235356944239138888
Bograshov Beach,32.0783657,34.7662783,"Tel Aviv-Yafo, Israel",4.5,"[natural_feature, lodging, point_of_interest, establishment]",ChIJ2bY7OXxLHRURKWIKm_khXf4,03-523-7943,https://www.tel-aviv.gov.il/Visitors/Beaches/Pages/Bugrashov.aspx,https://maps.google.com/?cid=18328843414399509033
Jerusalem Beach,32.0735916,34.7639615,"HaYarkon St 109, Tel Aviv-Yafo, Israel",4.6,"[natural_feature, point_of_interest, establishment]",ChIJ2bY7OXxLHRUReIv-HZsC2-Y,03-516-4601,https://www.tel-aviv.gov.il/Visitors/Beaches/Pages/Jerusalem.aspx,https://maps.google.com/?cid=16634892513869466488
HaSela Beach,32.0240577,34.7392024,HaSela Beach,4.3,"[natural_feature, establishment]",ChIJF29WWRizAhURpL1hzK_yfyM,,,https://maps.google.com/?q=HaSela+Beach&ftid=0x1502b31859566f17:0x237ff2afcc61bda4
Hatzuk Beach,32.1400382,34.7898367,"Tel Aviv-Yafo, Israel",4.3,"[point_of_interest, establishment]",ChIJpcIcfCNJHRURYNbR3FOjvZk,03-523-8888,https://www.tel-aviv.gov.il/Visitors/Beaches/Pages/SouthHatzuk.aspx,https://maps.google.com/?cid=11078190238983640672
חוף סי פלס,32.0286869,34.7410387,"Sea Palace Beach, Bat Yam",4.3,"[natural_feature, establishment]",ChIJP2DTsSSzAhURRdrWErJgnko,,,https://maps.google.com/?q=Sea+Palace+Beach&ftid=0x1502b324b1d3603f:0x4a9e60b212d6da45
Frishman Beach,32.080185,34.766799,Frishman Beach,4.2,"[natural_feature, establishment]",ChIJ359zb3xMHRUR_iiRqMUFQ8E,,,https://maps.google.com/?q=Frishman+Beach&ftid=0x151d4c7c6f739fdf:0xc14305c5a89128fe
Givat Aliya Beach,32.0389571,34.7453701,Givat Aliya Beach,4.2,"[natural_feature, establishment]",ChIJb7SP5jOzAhURKf1PHRcciTA,,,https://maps.google.com/?q=Givat+Aliya+Beach&ftid=0x1502b333e68fb46f:0x30891c171d4ffd29
Makati Cabalen,32.0562473,34.7794234,"Tel Aviv-Yafo, Israel",4.5,"[point_of_interest, establishment]",ChIJHxZVUmFLHRURyFyvD8_vvFI,03-687-5560,,https://maps.google.com/?cid=5961903679332113608
Marché de Jaffa,32.0529709,34.7557334,"Rabi Pinkhas St 9, Tel Aviv-Yafo, Israel",0,"[point_of_interest, establishment]",ChIJjZZ9maRNHRURoOF0eOd2fMs,03-977-3755,https://www.facebook.com/marchedejaffa/,https://maps.google.com/?cid=14662725223341941152
מעדני אילנית,32.0528318,34.7904453,"HaTikva St 18, Tel Aviv-Yafo, 6712123, Israel",5,"[point_of_interest, establishment]",ChIJRa14yORLHRURJ71Vi4VdOao,052-515-3313,http://ilanit-delicacies.co.il/,https://maps.google.com/?cid=12265937888269942055
שוק הכרמל,32.066158,34.777819,"Rothschild Blvd 86, Tel Aviv-Yafo, Israel",0,"[point_of_interest, establishment]",ChIJaZX7aI5LHRUR1DAgETaqzo8,,,https://maps.google.com/?cid=10362406941818368212
האוכל של שושה,32.1103744,34.7899346,"Dov Hausner St 3, Tel Aviv-Yafo, 6936303, Israel",0,"[point_of_interest, establishment]",ChIJ5VjUgw1JHRURqpMfQjP9MG0,053-285-3320,,https://maps.google.com/?cid=7868066945610781610
The Container City,32.086869,34.8017765,"Bezalel St 3, Ramat Gan, Israel",4,"[point_of_interest, establishment]",ChIJldQbvmBLHRURpIKLmGivDAM,,,https://maps.google.com/?cid=219743345605051044
North Market,32.1098503,34.8377789,"Raoul Wallenberg St 20, Tel Aviv-Yafo, Israel",4,"[point_of_interest, establishment]",ChIJvddvWJRJHRURCITRG85x-bo,03-643-2000,http://www.shuktzafon.co.il/,https://maps.google.com/?cid=13472924890299466760
Good Life Market,32.0843031,34.8012844,"Tuval St 52, Ramat Gan, Israel",4,"[grocery_or_supermarket, store, point_of_interest, food, establishment]",ChIJxRm1Ub9LHRURbtQCyvUGsdc,03-603-2191,http://www.facebook.com/%D7%A9%D7%95%D7%A7-%D7%94%D7%97%D7%99%D7%99%D7%9D-%D7%94%D7%98%D7%95%D7%91%D7%99%D7%9D-%D7%A8%D7%9E%D7%AA-%D7%94%D7%97%D7%99%D7%99%D7%9C-927230137326458/,https://maps.google.com/?cid=15542211441758229614
Kader Market,32.0710598,34.7814436,"Marmorek St 26, Tel Aviv-Yafo, Israel",0,"[grocery_or_supermarket, store, point_of_interest, food, establishment]",ChIJH9NZdoJLHRURohtU5LrKtJQ,,,https://maps.google.com/?cid=10715412317464697762
Nonstop Market,32.0791531,34.7740191,"Dizengoff St 100, Tel Aviv-Yafo, Israel",4,"[supermarket, grocery_or_supermarket, store, point_of_interest, food, establishment]",ChIJO8MZp3hMHRURedn7-pcPuqA,1-800-380-404,http://www.nonstopmarket.co.il/%D7%94%D7%A8%D7%A9%D7%9E%D7%94-%D7%9C%D7%9E%D7%95%D7%A2%D7%93%D7%95%D7%9F-%D7%97%D7%91%D7%A8%D7%99%D7%9D-%D7%9E%D7%95%D7%91%D7%99%D7%99%D7%9C?ref=undefined,https://maps.google.com/?cid=11581586537161939321
Hinnawi Market חינאווי מרקט,32.0564676,34.757204,"Nahum Goldmann St 9, Tel Aviv-Yafo, Israel",3,"[supermarket, grocery_or_supermarket, store, point_of_interest, food, establishment]",ChIJodpqeb5MHRURnivqdhoMD30,,,https://maps.google.com/?cid=9011434687195392926
Fish And Chips Market,32.0684126,34.7679609,"שוק הכרמל, Yom Tov St 7, Tel Aviv-Yafo, Israel",4.4,"[restaurant, point_of_interest, food, establishment]",ChIJ5fQnYoRMHRUR1JTn2pRUvG4,03-739-9953,http://www.elifish.co.il/,https://maps.google.com/?cid=7979345638098179284
"שדה ירוק, ירקות אורגניים",32.1100934,34.8375374,"Raoul Wallenberg St 20, Tel Aviv-Yafo, Israel",0,"[grocery_or_supermarket, store, point_of_interest, food, establishment]",ChIJvddvWJRJHRUR6LWVRZCH4hE,,,https://maps.google.com/?cid=1288741497093862888
Paris Market,32.0766033,34.7705665,"Bograshov St 33, Tel Aviv-Yafo, Israel",4,"[supermarket, grocery_or_supermarket, store, point_of_interest, food, establishment]",ChIJbckbWn5MHRURNUWBA0a1Qf0,,,https://maps.google.com/?cid=18249066477393102133
AM:PM,32.0866265,34.7747069,"Dizengoff St 193, Tel Aviv-Yafo, Israel",3.8,"[supermarket, grocery_or_supermarket, store, point_of_interest, food, establishment]",ChIJfT8ew4lLHRURoeN1g1HFBdE,073-229-2303,http://www.ampm.co.il/,https://maps.google.com/?cid=15061661482699056033
Sheba Market,32.0455471,34.8424926,"Ramat Gan, Israel",0,"[point_of_interest, food, establishment]",ChIJb3EUlfhLHRURFpFPhSBA5ZU,,,https://maps.google.com/?cid=10801109789737718038
Tel Aviv Port Market,32.0987139,34.7740865,"Nemal Tel Aviv St 12, Tel Aviv-Yafo, Israel",4.2,"[cafe, bakery, liquor_store, store, restaurant, point_of_interest, food, establishment]",ChIJxUWy-wlMHRURJxHfd4FrRsk,077-541-1393,http://shukhanamal.co.il/,https://maps.google.com/?cid=14503397853799321895
Organic Market,32.0567753,34.8663066,"Yermiyahu St 25, Kiryat Ono, Israel",4.8,"[grocery_or_supermarket, store, point_of_interest, food, establishment]",ChIJS_QM4Yg1HRURx2iO0Z1Tfgw,03-635-4544,,https://maps.google.com/?cid=900248912811419847
Shuc,32.0679336,34.7657787,"Daniel St, Tel Aviv-Yafo, Israel",4,"[grocery_or_supermarket, store, point_of_interest, food, establishment]",ChIJfZGeAoVMHRURPfITRiGvjUE,,,https://maps.google.com/?cid=4723624141626012221
Injoy Market,32.161339,34.8108418,"Abba Eban Blvd 1, Herzliya, Israel",4,"[grocery_or_supermarket, store, point_of_interest, food, establishment]",ChIJx9ayM_NIHRUREPnaVu_qpoA,,,https://maps.google.com/?cid=9270355196664019216
Port of Jaffa,32.052755,34.750054,"המחסן 1 נמל יפו, Tel Aviv-Yafo, 6803326, Israel",4.5,"[point_of_interest, establishment]",ChIJmXTausdMHRURrObAxfhF7tc,03-683-2255,http://www.namalyafo.co.il/,https://maps.google.com/?cid=15559450697383601836
Noga Gallery of Contemporary Art,32.0646859,34.77493219999999,"Ahad Ha'Am St 60, Tel Aviv-Yafo, Israel",4.4,"[art_gallery, museum, point_of_interest, establishment]",ChIJ39Kcb31LHRUREmgCR5DjIhA,03-566-0123,http://nogagallery.com/,https://maps.google.com/?cid=1162741862621145106
TLV Balloon,32.0996249,34.8100492,"פארק הירקון חניון גני יהושוע, Tel Aviv-Yafo, Israel",4.3,"[point_of_interest, establishment]",ChIJkePK_9ZLHRURmTMSaiJ3VvI,03-558-9722,http://www.tlv-balloon.co.il/,https://maps.google.com/?cid=17462275594867848089
Hall of Culture of Tel Aviv,32.0731769,34.7801071,"Huberman St, Tel Aviv-Yafo, Israel",4.5,"[point_of_interest, establishment]",ChIJk-hUJIJLHRURyksccgvziN0,03-543-0777,,https://maps.google.com/?cid=15963276109699369930
Old Tel Aviv Port Area,32.0972612,34.7737655,"Nemal Tel Aviv St, Tel Aviv-Yafo, Israel",4.4,"[point_of_interest, establishment]",ChIJrSgPCwpMHRUR1mO_RZWIgCw,,http://www.namal.co.il/,https://maps.google.com/?cid=3206713109389468630
פסל - דיזנגוף רוכב על סוסתו,32.0630199,34.7708373,"Rothschild Blvd 20, Tel Aviv-Yafo, Israel",4.5,"[point_of_interest, establishment]",ChIJTVQxIJ1MHRUR7LPZ5BDwBog,,,https://maps.google.com/?cid=9801785594368078828
כיכר המלך אלברט,32.0658854,34.774907,"Tel Aviv-Yafo, Israel",4.3,"[point_of_interest, establishment]",ChIJZ4qgnH1LHRURYu6QxxQaLxo,,,https://maps.google.com/?cid=1886755445441359458
Playexit,32.0864812,34.8012021,"Bezalel St 14, Ramat Gan, Israel",3.3,"[point_of_interest, establishment]",ChIJ82XkzsBLHRURM7cigdeMHtI,,,https://maps.google.com/?cid=15140693854478579507
Segway Tours Tel Aviv,32.084195,34.7689981,"HaYarkon St 155, Tel Aviv-Yafo, Israel",4.1,"[point_of_interest, establishment]",ChIJ2bY7OXxLHRUR9UxRMg0ZQn4,03-977-3060,http://segwaytlv.co.il/,https://maps.google.com/?cid=9097861741711281397
בית אקלי נורטון,32.0570544,34.7624779,"Auerbach St 4, Tel Aviv-Yafo, Israel",4.7,"[point_of_interest, establishment]",ChIJnZae_ZdMHRURYi8tRlCD9e4,,,https://maps.google.com/?cid=17218813131118948194
Mgdlaor Marina Tel Aviv,32.0880778,34.7667648,"Tel Aviv-Yafo, Israel",4.8,"[point_of_interest, establishment]",ChIJpzy_43BMHRURiKFsmeAdKlc,,,https://maps.google.com/?cid=6280865480805491080
Roim Olam,32.0853124,34.8002472,"Derech Menachem Begin 14, Ramat Gan, Israel",4.5,"[point_of_interest, establishment]",ChIJV_htn8BLHRURBnpIeKZmKis,,,https://maps.google.com/?cid=3110411357821368838
גילמור הפקות אירועים,32.0536993,34.8128833,"Shalem St 3, Ramat Gan, Israel",2.7,"[point_of_interest, establishment]",ChIJb7dMglVKHRURGunj8se0Ymc,077-517-7807,http://www.gilmor.co.il/,https://maps.google.com/?cid=7449715504490735898
Tribe of Judah,32.0325934,34.8602649,"Sderot Ben Gurion 3, Or Yehuda, Israel",4,"[point_of_interest, establishment]",ChIJA45qyJ1KHRURsrSTaL40sjg,,,https://maps.google.com/?cid=4085385804381402290
Tayelet Of Tel Aviv,32.0789318,34.7668016,"Shlomo Lahat Promenade 17, Tel Aviv-Yafo, Israel",4.9,"[point_of_interest, establishment]",ChIJbxUvRHxMHRURG2-Na6PYUTY,,,https://maps.google.com/?cid=3914147747557371675
מלון דזנגוף סויס,32.0816336,34.774047,"Dizengoff St 130, Tel Aviv-Yafo, Israel",0,"[point_of_interest, establishment]",ChIJr1IsdnhMHRURl51BuwU7oyo,03-523-4363,https://www.dizengoffsuites.co.il/,https://maps.google.com/?cid=3072364266599325079
Zadik Gallery,32.0544399,34.7576431,"Shim'on Ha'tsadik St 16, Tel Aviv-Yafo, Israel",5,"[point_of_interest, establishment]",ChIJ37O_p75MHRURwPdznZgskCA,077-495-6981,http://zadik.org.il/,https://maps.google.com/?cid=2346424439848302528
אתר צלילה מערות גורדון,32.0844966,34.76332379999999,"HaYam HaTichon Blvd, Ashdod, Israel",3.9,"[point_of_interest, establishment]",ChIJxVEI1HpMHRURJuPjIU8AwDM,,,https://maps.google.com/?cid=3728980831333770022
אייכה ישראל - מידע לתיירים,32.0762885,34.768249,"Ben Yehuda St 32, Tel Aviv-Yafo, Israel",0,"[point_of_interest, establishment]",ChIJE6En531MHRUR4_ApLdF-_w8,054-572-0429,,https://maps.google.com/?cid=1152779466501124323
סטודיו לעיצוב,32.0137994,34.791429,"6,, Betsal'el St 2, Holon, Israel",4.5,"[point_of_interest, establishment]",ChIJkegXRbm0AhURfvjETIs0pfM,,,https://maps.google.com/?cid=17556496495266822270
עתיד נסיעות,32.0631913,34.7618257,"Kaufmann St 2, Tel Aviv-Yafo, Israel",5,"[point_of_interest, establishment]",ChIJhxvYvpBMHRURHHc5Iuh9BBg,,,https://maps.google.com/?cid=1730646592777189148
Azrieli Center - drapacz chmur,32.074573,34.7918101,"Azrieli Center, Derech Menachem Begin 132, Tel Aviv-Yafo, Israel",4.6,"[point_of_interest, establishment]",ChIJaby8bZlLHRURdnNGjR8GQbg,,,https://maps.google.com/?cid=13276899909048890230
חופשת קזינו - Fly2Play,32.0827477,34.7705013,"Ruppin St 21, Tel Aviv-Yafo, 6100001, Israel",5,"[casino, travel_agency, point_of_interest, establishment]",ChIJq_ZZunlMHRURh0FWAGidnQ8,054-224-4666,https://www.fly2play.co.il/,https://maps.google.com/?cid=1125228551920304519
Casino San Remo,32.0558867,34.7602194,"Nehama St 2, Tel Aviv-Yafo, Israel",4.2,"[restaurant, cafe, bar, store, point_of_interest, food, establishment]",ChIJkb8eCL1MHRURm6o4fhrJMEM,03-504-2003,https://www.casinosanremo.co.il/,https://maps.google.com/?cid=4841590715047258779
מיי סקיי - סוכנות נסיעות MySKY,32.0642669,34.7870965,"Beit Oved St 8, Tel Aviv-Yafo, 6721108, Israel",3.3,"[travel_agency, casino, lodging, point_of_interest, establishment]",ChIJ4cs8jU5KHRURm_8Yuudaulo,03-759-0590,http://www.mysky.co.il/,https://maps.google.com/?cid=6537637760387841947
Ladbrokes Coral R&D TLV.,32.0705154,34.7892779,"Derech Menachem Begin 110, Tel Aviv-Yafo, Israel",5,"[point_of_interest, establishment]",ChIJNSIdyJ1LHRURX-2rJQ-j0w8,,https://www.ladbrokescoralplc.com/,https://maps.google.com/?cid=1140434416106728799
PLAYTECH IN ISRAEL,32.0699358,34.7940867,"Yigal Alon St, Tel Aviv-Yafo, Israel",4.3,"[point_of_interest, establishment]",ChIJFbv5BZ9LHRURTvlUmPHOav8,,https://www.playtech.com/,https://maps.google.com/?cid=18404750364241099086
"(י.ז) קווינקו בע""מ",32.0623079,34.8242278,"דרך מנחם בגין 11,מגדל פז, Ramat Gan, Israel",5,"[finance, point_of_interest, establishment]",ChIJeUDKDVc-HBUR17DFFN3160w,03-756-6555,http://www.queenco.com/,https://maps.google.com/?cid=5542794096294605015
